"","Site name"
"1","Barnsley Royston"
"2","Birmingham Airport 2"
"3","Bolton College"
"4","Cambridge Gonville Place"
"5","Cambridge Parker Street"
"6","Gateshead A1 Dunston"
"7","Gateshead Lychgate Court"
"8","Gatwick LGW3"
"9","Guildford Gyratory"
"10","Heathrow LHR2"
"11","Hillingdon 1 - South Ruislip"
"12","Hillingdon 2 - Hillingdon Hospital"
"13","Hounslow Brentford"
"14","Hounslow Chiswick"
"15","Hounslow Cranford"
"16","Liverpool Islington"
"17","North Lincs Killingholme"
"18","North Warwickshire Coleshill"
"19","Norwich Castle Meadow"
"20","Oxford St Ebbes (Cal Club)"
"21","Salford M60"
"22","Slough Colnbrook"
"23","Slough Town Centre A4"
"24","South Bucks Gerrards Cross"
"25","South Norfolk Long Stratton"
"26","Spalding Monkhouse School"
"27","Sunderland Silksworth (CC)"
"28","Sunderland Trimdon Street"
"29","Titchbourne Way"
"30","Warrington Selby St."
"31","Wigan Centre PM10"
"32","Wokingham Woodward Close"
